low,mid,up
2,1,11
3,13,55
4,17,98
5,18,124
6,21,151
7,24,173
8,25,174
9,26,179
10,27,180
12,28,183
14,31,186
15,32,187
16,33,188
19,35,191
20,36,198
22,40,200
23,41,201
29,49,205
30,50,206
34,58,221
37,59,225
38,66,226
39,73,227
42,74,231
43,79,245
44,80,257
45,81,258
46,84,288
47,85,291
48,91,294
51,92,295
52,111,306
53,112,307
54,120,335
56,121,347
57,122,383
60,123,384
61,136,405
62,140,406
63,141,429
64,143,494
65,144,497
67,145,499
68,146,500
69,150,547
70,157,577
71,158,582
72,192,602
75,209,615
76,213,616
77,214,625
78,228,634
82,244,644
83,249,668
86,250,678
87,254,679
88,264,683
89,274,684
90,275,685
93,276,713
94,278,714
95,279,719
96,280,720
97,281,750
99,286,780
100,287,792
101,303,793
102,304,828
103,305,830
104,310,843
105,311,846
106,312,851
107,317,853
108,319,898
109,320,941
110,321,942
113,342,945
114,346,946
115,348,948
116,367,949
117,368,966
118,385,995
119,386,996
125,391,997
126,392,998
127,396,1018
128,397,1019
129,398,1020
130,401,1045
131,419,1051
132,420,1052
133,421,1076
134,438,1077
135,439,1087
137,441,1088
138,442,1089
139,446,1105
142,447,1119
147,450,1135
148,461,1136
149,462,1137
152,464,1146
153,466,1151
154,467,1160
155,468,1209
156,482,1210
159,496,1226
160,503,1227
161,512,1235
162,513,1251
163,514,1252
164,519,1257
165,520,1275
166,523,1276
167,524,1277
168,525,1294
169,533,1295
170,534,1308
171,535,1309
172,544,1310
175,550,1325
176,554,1332
177,555,1370
178,556,1374
181,569,1381
182,570,1382
184,571,1392
185,572,1393
189,573,1394
190,574,1398
193,583,1402
194,584,1408
195,601,1409
196,608,1412
197,609,1413
199,610,1414
202,611,1423
203,628,1424
204,629,1429
207,635,1431
208,636,1432
210,649,1437
211,661,1445
212,665,1448
215,677,1449
216,692,1464
217,693,1475
218,700,1476
219,701,1483
220,702,1484
222,726,1485
223,730,1494
224,733,1495
229,740,1496
230,741,1508
232,751,1510
233,752,1511
234,756,1520
235,757,1555
236,758,1556
237,760,1592
238,763,1598
239,766,1607
240,770,1613
241,771,1625
242,772,1626
243,777,1629
246,784,1630
247,785,1638
248,786,1645
251,790,1654
252,791,1667
253,794,1670
255,798,1671
256,811,1672
259,813,1673
260,814,1685
261,826,1686
262,833,1688
263,837,1690
265,841,1695
266,842,1718
267,848,1719
268,849,1721
269,852,1722
270,858,1723
271,859,1725
272,863,1726
273,867,1736
277,868,1745
282,871,1746
283,872,1751
284,873,1752
285,874,1753
289,878,1768
290,879,1769
292,880,1779
293,884,1781
296,891,1795
297,892,1796
298,894,1798
299,903,1800
300,908,1805
301,912,1818
302,913,1819
308,918,1836
309,926,1839
313,927,1845
314,928,1847
315,929,1848
316,930,1857
318,934,1868
322,939,1871
323,947,1879
324,952,1880
325,953,1890
326,954,1896
327,955,1899
328,960,1909
329,961,1910
330,962,1929
331,963,1930
332,964,1933
333,965,1936
334,970,1937
336,971,1938
337,972,1948
338,978,1957
339,979,1959
340,980,1960
341,982,1972
343,984,1979
344,985,1981
345,986,1983
349,989,1989
350,990,2002
351,991,2004
352,992,2021
353,993,2022
354,999,2023
355,1000,2025
356,1002,2041
357,1003,2056
358,1004,2059
359,1014,2061
360,1015,2069
361,1029,2072
362,1030,2078
363,1031,2079
364,1032,2088
365,1036,2089
366,1037,2090
369,1043,2091
370,1044,2092
371,1048,2107
372,1049,2108
373,1050,2112
374,1054,2121
375,1055,2122
376,1056,2123
377,1080,2131
378,1081,2134
379,1082,2149
380,1083,2150
381,1090,2151
382,1093,2152
387,1096,2154
388,1097,2164
389,1098,2166
390,1099,2174
393,1107,2175
394,1108,2176
395,1111,2179
399,1112,2195
400,1113,2198
402,1118,2199
403,1121,2212
404,1122,2213
407,1124,2214
408,1128,2221
409,1131,2234
410,1139,2235
411,1140,2236
412,1150,2237
413,1153,2238
414,1154,2247
415,1155,2248
416,1156,2249
417,1157,2251
418,1158,2252
422,1159,2254
423,1169,2255
424,1172,2256
425,1174,2257
426,1175,2260
427,1176,2263
428,1177,2267
430,1178,2299
431,1179,2316
432,1180,2318
433,1181,2331
434,1186,2332
435,1187,2335
436,1188,2344
437,1190,2345
440,1191,2350
443,1194,2351
444,1198,2358
445,1202,2359
448,1211,2365
449,1212,2380
451,1213,2392
452,1214,2393
453,1215,2394
454,1219,2397
455,1222,2400
456,1223,2401
457,1224,2402
458,1225,2407
459,1230,2410
460,1234,2413
463,1236,2417
465,1237,2418
469,1238,2420
470,1239,2423
471,1240,2424
472,1243,2436
473,1248,2437
474,1256,2446
475,1258,2448
476,1261,2449
477,1266,2451
478,1267,2453
479,1268,2454
480,1269,2465
481,1272,2467
483,1273,2468
484,1278,2470
485,1279,2476
486,1280,2483
487,1283,2489
488,1284,2500
489,1290,2501
490,1298,2503
491,1300,2505
492,1303,2511
493,1304,2512
495,1305,2513
498,1306,2514
501,1307,2515
502,1314,2516
504,1317,2518
505,1323,2523
506,1324,2524
507,1328,2534
508,1329,2536
509,1333,2547
510,1334,2551
511,1339,2552
515,1343,2559
516,1344,2560
517,1355,2564
518,1356,2568
521,1358,2569
522,1360,2599
526,1361,2600
527,1365,2612
528,1366,2613
529,1371,2614
530,1372,2615
531,1373,2616
532,1377,2620
536,1385,2625
537,1386,2627
538,1391,2631
539,1395,2633
540,1397,2641
541,1400,2645
542,1401,2648
543,1416,2656
545,1421,2657
546,1422,2664
548,1425,2667
549,1426,2673
551,1430,2676
552,1433,2677
553,1439,2678
557,1440,2682
558,1442,2697
559,1443,2701
560,1444,2702
561,1446,2715
562,1450,2716
563,1451,2719
564,1452,2726
565,1453,2732
566,1454,2741
567,1455,2742
568,1456,2743
575,1457,2745
576,1458,2746
578,1460,2752
579,1463,2753
580,1465,2759
581,1468,2762
585,1469,2763
586,1472,2764
587,1473,2766
588,1477,2773
589,1479,2779
590,1486,2780
591,1487,2794
592,1489,2798
593,1490,2799
594,1491,2806
595,1492,2807
596,1493,2810
597,1497,2812
598,1505,2813
599,1506,2820
600,1507,2822
603,1515,2828
604,1516,2832
605,1517,2837
606,1518,2839
607,1519,2847
612,1521,2850
613,1522,2851
614,1523,2852
617,1528,2857
618,1529,2862
619,1530,2863
620,1531,2868
621,1533,2875
622,1534,2882
623,1538,2887
624,1542,2888
626,1543,2892
627,1549,2893
630,1557,2894
631,1559,2895
632,1561,2896
633,1562,2903
637,1563,2908
638,1564,2909
639,1570,2915
640,1571,2918
641,1575,2919
642,1576,2930
643,1579,2942
645,1582,2944
646,1583,2950
647,1588,2951
648,1589,2952
650,1591,2953
651,1593,2956
652,1594,2961
653,1595,2963
654,1597,2982
655,1602,2986
656,1603,2987
657,1608,2991
658,1609,2993
659,1612,3000
660,1615,3010
662,1616,3011
663,1621,3012
664,1627,3013
666,1628,3021
667,1631,3026
669,1634,3027
670,1636,3028
671,1642,3043
672,1643,3059
673,1644,3069
674,1646,3084
675,1647,3085
676,1649,3086
680,1650,3087
681,1651,3089
682,1658,3095
686,1659,3098
687,1660,3101
688,1665,3102
689,1666,3103
690,1676,3105
691,1678,3108
694,1679,3114
695,1680,3120
696,1681,3122
697,1682,3130
698,1683,3134
699,1684,3135
703,1687,3136
704,1689,3139
705,1693,3144
706,1694,3145
707,1696,3146
708,1697,3148
709,1698,3155
710,1700,3156
711,1704,3157
712,1706,3163
715,1707,3164
716,1709,3165
717,1715,3177
718,1717,3181
721,1724,3182
722,1727,3184
723,1728,3186
724,1729,3196
725,1733,3197
727,1737,3198
728,1740,3214
729,1742,3218
731,1748,3221
732,1756,3222
734,1757,3225
735,1758,3232
736,1760,3235
737,1761,3238
738,1762,3239
739,1764,3240
742,1766,3241
743,1767,3242
744,1770,3243
745,1772,3256
746,1777,3264
747,1778,3268
748,1782,3269
749,1783,3270
753,1784,3273
754,1785,3279
755,1786,3286
759,1787,3289
761,1788,3290
762,1789,3299
764,1791,3300
765,1794,3303
767,1797,3310
768,1801,3311
769,1802,3312
773,1803,3317
774,1806,3324
775,1807,3325
776,1808,3331
778,1809,3332
779,1810,3333
781,1811,3341
782,1813,3342
783,1816,3343
787,1817,3344
788,1822,3356
789,1823,3363
795,1828,3365
796,1829,3368
797,1832,3377
799,1834,3379
800,1840,3381
801,1841,3383
802,1844,3384
803,1846,3386
804,1849,3390
805,1850,3391
806,1851,3393
807,1852,3394
808,1853,3397
809,1856,3399
810,1858,3403
812,1862,3414
815,1864,3418
816,1865,3419
817,1866,3420
818,1867,3425
819,1869,3426
820,1876,3431
821,1877,3434
822,1878,3435
823,1887,3443
824,1888,3444
825,1889,3448
827,1891,3449
829,1892,3451
831,1893,3453
832,1894,3455
834,1895,3460
835,1897,3466
836,1898,3468
838,1900,3477
839,1901,3478
840,1903,3479
844,1904,3480
845,1906,3482
847,1908,3483
850,1911,3484
854,1912,3485
855,1913,3487
856,1915,3490
857,1916,3492
860,1917,3493
861,1918,3494
862,1919,3500
864,1920,3511
865,1921,3515
866,1922,3516
869,1923,3517
870,1924,3523
875,1926,3529
876,1927,3530
877,1932,3531
881,1939,3542
882,1940,3544
883,1941,3545
885,1942,3546
886,1943,3561
887,1945,3565
888,1952,3573
889,1953,3591
890,1956,3592
893,1958,3593
895,1962,3597
896,1964,3601
897,1967,3611
899,1968,3612
900,1974,3613
901,1975,3614
902,1976,3615
904,1980,3622
905,1982,3623
906,1984,3627
907,1985,3629
909,1986,3639
910,1987,3640
911,1988,3641
914,1992,3646
915,1993,3648
916,1994,3650
917,1995,3659
919,1996,3660
920,1998,3661
921,1999,3662
922,2000,3671
923,2005,3674
924,2006,3680
925,2007,3682
931,2008,3696
932,2009,3697
933,2010,3698
935,2012,3700
936,2014,3701
937,2015,3708
938,2016,3713
940,2017,3724
943,2018,3727
944,2020,3747
950,2026,3748
951,2027,3766
956,2029,3767
957,2030,3768
958,2031,3774
959,2032,3776
967,2033,3785
968,2036,3793
969,2037,3797
973,2038,3798
974,2039,3799
975,2040,3800
976,2043,3801
977,2046,3806
981,2047,3809
983,2048,3813
987,2049,3817
988,2050,3827
994,2051,3839
1001,2062,3840
1005,2063,3841
1006,2064,3846
1007,2065,3847
1008,2066,3866
1009,2067,3867
1010,2070,3868
1011,2073,3875
1012,2074,3876
1013,2075,3877
1016,2076,3878
1017,2077,3880
1021,2080,3882
1022,2081,3883
1023,2083,3885
1024,2084,3886
1025,2085,3900
1026,2087,3902
1027,2093,3903
1028,2094,3915
1033,2095,3917
1034,2097,3918
1035,2098,3919
1038,2099,3923
1039,2100,3927
1040,2101,3937
1041,2113,3938
1042,2115,3939
1046,2116,3940
1047,2118,3941
1053,2119,3945
1057,2125,3946
1058,2128,3947
1059,2129,3949
1060,2130,3950
1061,2132,3951
1062,2135,3955
1063,2139,3956
1064,2140,3957
1065,2141,3959
1066,2142,3964
1067,2143,3965
1068,2144,3966
1069,2145,3970
1070,2153,3975
1071,2155,3976
1072,2156,3977
1073,2157,3981
1074,2160,3982
1075,2161,3983
1078,2162,3984
1079,2163,3985
1084,2165,3986
1085,2167,3987
1086,2168,3989
1091,2169,3991
1092,2170,3992
1094,2171,3993
1095,2177,3994
1100,2180,3995
1101,2181,4004
1102,2187,4008
1103,2194,4009
1104,2197,4010
1106,2200,4012
1109,2202,4013
1110,2203,4017
1114,2207,4024
1115,2208,4031
1116,2209,4035
1117,2215,4044
1120,2225,4047
1123,2226,4054
1125,2227,4055
1126,2228,4056
1127,2229,4057
1129,2230,4058
1130,2231,4059
1132,2232,4069
1133,2233,4071
1134,2239,4072
1138,2241,4073
1141,2242,4074
1142,2243,4092
1143,2246,4094
1144,2258,4109
1145,2261,4112
1147,2262,4122
1148,2264,4137
1149,2265,4138
1152,2268,4146
1161,2269,4152
1162,2270,4162
1163,2274,4164
1164,2275,4169
1165,2276,4180
1166,2277,4184
1167,2279,4185
1168,2280,4193
1170,2281,4195
1171,2284,4199
1173,2285,4200
1182,2286,4207
1183,2287,4210
1184,2288,4214
1185,2295,4215
1189,2296,4216
1192,2297,4219
1193,2300,4220
1195,2302,4224
1196,2305,4229
1197,2307,4243
1199,2312,4244
1200,2314,4246
1201,2315,4253
1203,2319,4268
1204,2322,4269
1205,2324,4270
1206,2329,4296
1207,2330,4300
1208,2334,4316
1216,2336,4317
1217,2337,4318
1218,2338,4319
1220,2339,4321
1221,2341,4322
1228,2342,4323
1229,2343,4325
1231,2347,4326
1232,2352,4327
1233,2355,4336
1241,2356,4337
1242,2357,4340
1244,2360,4341
1245,2362,4343
1246,2370,4344
1247,2371,4345
1249,2372,4347
1250,2373,4349
1253,2374,4350
1254,2375,4352
1255,2376,4358
1259,2377,4368
1260,2379,4369
1262,2381,4376
1263,2383,4377
1264,2384,4378
1265,2385,4379
1270,2386,4388
1271,2388,4389
1274,2390,4391
1281,2391,4392
1282,2396,4393
1285,2398,4394
1286,2399,4395
1287,2404,4397
1288,2411,4402
1289,2414,4412
1291,2415,4413
1292,2416,4414
1293,2419,4415
1296,2422,4416
1297,2427,4417
1299,2428,4429
1301,2433,4430
1302,2440,4459
1311,2441,4460
1312,2442,4462
1313,2443,4463
1315,2444,4476
1316,2445,4478
1318,2447,4479
1319,2450,4487
1320,2456,4488
1321,2457,4494
1322,2458,4495
1326,2463,4496
1327,2464,4498
1330,2466,4499
1331,2469,4500
1335,2471,4506
1336,2473,4513
1337,2474,4521
1338,2479,4522
1340,2480,4531
1341,2481,4537
1342,2482,4538
1345,2484,4540
1346,2485,4543
1347,2486,4544
1348,2487,4545
1349,2490,4548
1350,2491,4549
1351,2492,4550
1352,2493,4553
1353,2494,4556
1354,2498,4565
1357,2499,4566
1359,2502,4567
1362,2506,4568
1363,2507,4569
1364,2508,4572
1367,2510,4580
1368,2519,4581
1369,2527,4583
1375,2531,4584
1376,2532,4599
1378,2535,4604
1379,2537,4605
1380,2538,4610
1383,2539,4616
1384,2543,4617
1387,2545,4622
1388,2548,4624
1389,2549,4628
1390,2553,4638
1396,2556,4642
1399,2557,4649
1403,2558,4652
1404,2561,4653
1405,2562,4658
1406,2563,4667
1407,2567,4669
1410,2573,4671
1411,2574,4672
1415,2575,4675
1417,2576,4676
1418,2577,4680
1419,2578,4681
1420,2579,4682
1427,2580,4685
1428,2584,4686
1434,2587,4689
1435,2590,4691
1436,2595,4692
1438,2596,4694
1441,2606,4695
1447,2608,4698
1459,2610,4701
1461,2619,4707
1462,2622,4708
1466,2623,4722
1467,2624,4729
1470,2626,4733
1471,2628,4734
1474,2629,4735
1478,2634,4739
1480,2635,4751
1481,2636,4752
1482,2637,4753
1488,2638,4755
1498,2639,4764
1499,2640,4765
1500,2643,4768
1501,2644,4771
1502,2647,4772
1503,2649,4776
1504,2650,4782
1509,2651,4783
1512,2652,4787
1513,2653,4788
1514,2654,4792
1524,2655,4795
1525,2660,4802
1526,2662,4813
1527,2663,4816
1532,2665,4820
1535,2666,4821
1536,2669,4823
1537,2670,4827
1539,2671,4828
1540,2674,4832
1541,2675,4834
1544,2680,4835
1545,2681,4850
1546,2683,4860
1547,2684,4861
1548,2688,4862
1550,2689,4866
1551,2690,4867
1552,2692,4875
1553,2693,4876
1554,2694,4877
1558,2695,4889
1560,2696,4890
1565,2698,4893
1566,2699,4909
1567,2700,4913
1568,2704,4920
1569,2708,4925
1572,2709,4927
1573,2710,4928
1574,2711,4929
1577,2712,4930
1578,2713,4933
1580,2717,4936
1581,2720,4939
1584,2721,4940
1585,2722,4946
1586,2724,4954
1587,2725,4959
1590,2727,4963
1596,2729,
1599,2730,
1600,2731,
1601,2733,
1604,2734,
1605,2735,
1606,2736,
1610,2737,
1611,2738,
1614,2739,
1617,2740,
1618,2744,
1619,2749,
1620,2750,
1622,2751,
1623,2754,
1624,2755,
1632,2758,
1633,2765,
1635,2771,
1637,2772,
1639,2776,
1640,2777,
1641,2778,
1648,2781,
1652,2782,
1653,2783,
1655,2784,
1656,2790,
1657,2791,
1661,2792,
1662,2793,
1663,2795,
1664,2796,
1668,2797,
1669,2800,
1674,2802,
1675,2803,
1677,2804,
1691,2808,
1692,2809,
1699,2811,
1701,2814,
1702,2815,
1703,2816,
1705,2817,
1708,2823,
1710,2824,
1711,2825,
1712,2826,
1713,2829,
1714,2830,
1716,2833,
1720,2834,
1730,2835,
1731,2836,
1732,2838,
1734,2842,
1735,2843,
1738,2844,
1739,2845,
1741,2846,
1743,2853,
1744,2855,
1747,2856,
1749,2858,
1750,2860,
1754,2861,
1755,2869,
1759,2870,
1763,2880,
1765,2883,
1771,2884,
1773,2885,
1774,2886,
1775,2889,
1776,2890,
1780,2891,
1790,2900,
1792,2901,
1793,2902,
1799,2904,
1804,2905,
1812,2907,
1814,2911,
1815,2912,
1820,2913,
1821,2914,
1824,2916,
1825,2917,
1826,2921,
1827,2922,
1830,2923,
1831,2924,
1833,2929,
1835,2934,
1837,2935,
1838,2936,
1842,2938,
1843,2939,
1854,2943,
1855,2945,
1859,2946,
1860,2949,
1861,2957,
1863,2958,
1870,2959,
1872,2960,
1873,2962,
1874,2964,
1875,2965,
1881,2966,
1882,2970,
1883,2972,
1884,2973,
1885,2974,
1886,2976,
1902,2977,
1905,2978,
1907,2979,
1914,2980,
1925,2983,
1928,2984,
1931,2985,
1934,2989,
1935,2990,
1944,2992,
1946,2994,
1947,2995,
1949,2996,
1950,2999,
1951,3001,
1954,3002,
1955,3005,
1961,3006,
1963,3008,
1965,3009,
1966,3014,
1969,3015,
1970,3016,
1971,3017,
1973,3022,
1977,3023,
1978,3029,
1990,3030,
1991,3031,
1997,3032,
2001,3035,
2003,3036,
2011,3037,
2013,3038,
2019,3039,
2024,3040,
2028,3045,
2034,3046,
2035,3047,
2042,3048,
2044,3049,
2045,3050,
2052,3052,
2053,3053,
2054,3054,
2055,3055,
2057,3056,
2058,3061,
2060,3062,
2068,3063,
2071,3064,
2082,3065,
2086,3066,
2096,3067,
2102,3071,
2103,3072,
2104,3073,
2105,3075,
2106,3076,
2109,3081,
2110,3082,
2111,3088,
2114,3090,
2117,3097,
2120,3099,
2124,3106,
2126,3107,
2127,3109,
2133,3110,
2136,3111,
2137,3112,
2138,3113,
2146,3115,
2147,3116,
2148,3118,
2158,3119,
2159,3121,
2172,3124,
2173,3125,
2178,3126,
2182,3129,
2183,3131,
2184,3132,
2185,3133,
2186,3137,
2188,3140,
2189,3143,
2190,3150,
2191,3151,
2192,3152,
2193,3153,
2196,3154,
2201,3158,
2204,3159,
2205,3160,
2206,3161,
2210,3162,
2211,3166,
2216,3167,
2217,3169,
2218,3170,
2219,3171,
2220,3172,
2222,3173,
2223,3174,
2224,3175,
2240,3176,
2244,3178,
2245,3179,
2250,3180,
2253,3183,
2259,3188,
2266,3189,
2271,3190,
2272,3191,
2273,3192,
2278,3199,
2282,3200,
2283,3202,
2289,3203,
2290,3204,
2291,3205,
2292,3206,
2293,3207,
2294,3208,
2298,3209,
2301,3210,
2303,3211,
2304,3212,
2306,3213,
2308,3215,
2309,3216,
2310,3217,
2311,3223,
2313,3224,
2317,3226,
2320,3229,
2321,3230,
2323,3231,
2325,3233,
2326,3234,
2327,3236,
2328,3237,
2333,3244,
2340,3245,
2346,3246,
2348,3248,
2349,3249,
2353,3250,
2354,3251,
2361,3257,
2363,3258,
2364,3259,
2366,3261,
2367,3262,
2368,3263,
2369,3265,
2378,3266,
2382,3267,
2387,3272,
2389,3274,
2395,3275,
2403,3276,
2405,3277,
2406,3282,
2408,3283,
2409,3287,
2412,3291,
2421,3292,
2425,3294,
2426,3295,
2429,3296,
2430,3297,
2431,3298,
2432,3301,
2434,3308,
2435,3309,
2438,3313,
2439,3315,
2452,3316,
2455,3318,
2459,3320,
2460,3322,
2461,3323,
2462,3326,
2472,3327,
2475,3328,
2477,3329,
2478,3334,
2488,3337,
2495,3338,
2496,3339,
2497,3340,
2504,3348,
2509,3349,
2517,3350,
2520,3352,
2521,3353,
2522,3354,
2525,3358,
2526,3361,
2528,3362,
2529,3364,
2530,3367,
2533,3370,
2540,3371,
2541,3373,
2542,3374,
2544,3375,
2546,3378,
2550,3380,
2554,3387,
2555,3388,
2565,3389,
2566,3392,
2570,3395,
2571,3400,
2572,3402,
2581,3406,
2582,3407,
2583,3408,
2585,3411,
2586,3412,
2588,3413,
2589,3415,
2591,3416,
2592,3417,
2593,3421,
2594,3422,
2597,3424,
2598,3429,
2601,3430,
2602,3433,
2603,3436,
2604,3437,
2605,3438,
2607,3439,
2609,3441,
2611,3442,
2617,3446,
2618,3450,
2621,3452,
2630,3454,
2632,3456,
2642,3457,
2646,3458,
2658,3459,
2659,3461,
2661,3463,
2668,3464,
2672,3465,
2679,3469,
2685,3471,
2686,3473,
2687,3474,
2691,3476,
2703,3489,
2705,3491,
2706,3495,
2707,3496,
2714,3497,
2718,3498,
2723,3499,
2728,3501,
2747,3503,
2748,3504,
2756,3509,
2757,3510,
2760,3512,
2761,3514,
2767,3520,
2768,3521,
2769,3522,
2770,3524,
2774,3525,
2775,3533,
2785,3534,
2786,3535,
2787,3536,
2788,3537,
2789,3538,
2801,3539,
2805,3540,
2818,3543,
2819,3547,
2821,3548,
2827,3549,
2831,3550,
2840,3552,
2841,3553,
2848,3554,
2849,3555,
2854,3556,
2859,3562,
2864,3564,
2865,3566,
2866,3567,
2867,3568,
2871,3570,
2872,3571,
2873,3572,
2874,3574,
2876,3575,
2877,3576,
2878,3577,
2879,3578,
2881,3579,
2897,3580,
2898,3581,
2899,3582,
2906,3583,
2910,3587,
2920,3588,
2925,3589,
2926,3594,
2927,3595,
2928,3596,
2931,3598,
2932,3602,
2933,3605,
2937,3606,
2940,3608,
2941,3609,
2947,3610,
2948,3616,
2954,3617,
2955,3618,
2967,3621,
2968,3624,
2969,3625,
2971,3630,
2975,3631,
2981,3642,
2988,3643,
2997,3647,
2998,3649,
3003,3651,
3004,3652,
3007,3653,
3018,3654,
3019,3655,
3020,3656,
3024,3657,
3025,3658,
3033,3663,
3034,3664,
3041,3665,
3042,3668,
3044,3669,
3051,3670,
3057,3672,
3058,3673,
3060,3677,
3068,3678,
3070,3679,
3074,3681,
3077,3683,
3078,3684,
3079,3685,
3080,3687,
3083,3688,
3091,3690,
3092,3693,
3093,3694,
3094,3695,
3096,3699,
3100,3702,
3104,3703,
3117,3706,
3123,3707,
3127,3709,
3128,3710,
3138,3711,
3141,3712,
3142,3715,
3147,3716,
3149,3718,
3168,3719,
3185,3720,
3187,3723,
3193,3725,
3194,3730,
3195,3731,
3201,3732,
3219,3733,
3220,3734,
3227,3737,
3228,3739,
3247,3740,
3252,3741,
3253,3742,
3254,3744,
3255,3745,
3260,3746,
3271,3749,
3278,3750,
3280,3753,
3281,3754,
3284,3757,
3285,3758,
3288,3759,
3293,3764,
3302,3765,
3304,3769,
3305,3773,
3306,3775,
3307,3779,
3314,3780,
3319,3781,
3321,3782,
3330,3783,
3335,3786,
3336,3787,
3345,3794,
3346,3802,
3347,3803,
3351,3804,
3355,3807,
3357,3808,
3359,3810,
3360,3814,
3366,3815,
3369,3816,
3372,3819,
3376,3820,
3382,3821,
3385,3822,
3396,3823,
3398,3824,
3401,3825,
3404,3826,
3405,3830,
3409,3831,
3410,3836,
3423,3838,
3427,3842,
3428,3843,
3432,3844,
3440,3845,
3445,3848,
3447,3849,
3462,3853,
3467,3858,
3470,3862,
3472,3863,
3475,3864,
3481,3869,
3486,3870,
3488,3871,
3502,3872,
3505,3874,
3506,3881,
3507,3884,
3508,3888,
3513,3889,
3518,3891,
3519,3893,
3526,3894,
3527,3895,
3528,3896,
3532,3897,
3541,3904,
3551,3905,
3557,3907,
3558,3908,
3559,3911,
3560,3912,
3563,3916,
3569,3920,
3584,3921,
3585,3922,
3586,3925,
3590,3926,
3599,3928,
3600,3929,
3603,3930,
3604,3931,
3607,3932,
3619,3933,
3620,3934,
3626,3935,
3628,3942,
3632,3943,
3633,3952,
3634,3954,
3635,3961,
3636,3962,
3637,3971,
3638,3974,
3644,3988,
3645,3990,
3666,3998,
3667,3999,
3675,4000,
3676,4001,
3686,4002,
3689,4003,
3691,4007,
3692,4018,
3704,4019,
3705,4020,
3714,4021,
3717,4023,
3721,4025,
3722,4026,
3726,4027,
3728,4028,
3729,4029,
3735,4030,
3736,4032,
3738,4033,
3743,4037,
3751,4038,
3752,4041,
3755,4045,
3756,4046,
3760,4049,
3761,4050,
3762,4052,
3763,4053,
3770,4061,
3771,4063,
3772,4064,
3777,4065,
3778,4066,
3784,4067,
3788,4068,
3789,4078,
3790,4079,
3791,4080,
3792,4081,
3795,4084,
3796,4085,
3805,4088,
3811,4095,
3812,4096,
3818,4097,
3828,4098,
3829,4099,
3832,4100,
3833,4101,
3834,4102,
3835,4103,
3837,4104,
3850,4105,
3851,4106,
3852,4107,
3854,4108,
3855,4110,
3856,4111,
3857,4116,
3859,4117,
3860,4120,
3861,4121,
3865,4123,
3873,4127,
3879,4131,
3887,4132,
3890,4133,
3892,4134,
3898,4135,
3899,4136,
3901,4140,
3906,4141,
3909,4142,
3910,4143,
3913,4144,
3914,4145,
3924,4147,
3936,4148,
3944,4150,
3948,4151,
3953,4153,
3958,4155,
3960,4156,
3963,4157,
3967,4158,
3968,4160,
3969,4161,
3972,4163,
3973,4165,
3978,4167,
3979,4168,
3980,4170,
3996,4173,
3997,4177,
4005,4179,
4006,4182,
4011,4186,
4014,4187,
4015,4188,
4016,4189,
4022,4190,
4034,4191,
4036,4192,
4039,4196,
4040,4197,
4042,4198,
4043,4202,
4048,4203,
4051,4212,
4060,4213,
4062,4221,
4070,4223,
4075,4225,
4076,4227,
4077,4228,
4082,4230,
4083,4236,
4086,4238,
4087,4239,
4089,4245,
4090,4248,
4091,4249,
4093,4250,
4113,4254,
4114,4257,
4115,4258,
4118,4259,
4119,4260,
4124,4266,
4125,4267,
4126,4271,
4128,4274,
4129,4275,
4130,4276,
4139,4281,
4149,4282,
4154,4283,
4159,4286,
4166,4288,
4171,4289,
4172,4291,
4174,4292,
4175,4293,
4176,4294,
4178,4298,
4181,4299,
4183,4302,
4194,4306,
4201,4307,
4204,4308,
4205,4311,
4206,4312,
4208,4313,
4209,4314,
4211,4315,
4217,4324,
4218,4328,
4222,4329,
4226,4330,
4231,4331,
4232,4335,
4233,4338,
4234,4339,
4235,4342,
4237,4346,
4240,4351,
4241,4353,
4242,4354,
4247,4355,
4251,4357,
4252,4362,
4255,4364,
4256,4365,
4261,4370,
4262,4371,
4263,4372,
4264,4373,
4265,4374,
4272,4375,
4273,4383,
4277,4384,
4278,4386,
4279,4387,
4280,4396,
4284,4398,
4285,4399,
4287,4400,
4290,4401,
4295,4405,
4297,4408,
4301,4409,
4303,4410,
4304,4411,
4305,4418,
4309,4419,
4310,4423,
4320,4426,
4332,4428,
4333,4431,
4334,4432,
4348,4435,
4356,4439,
4359,4440,
4360,4441,
4361,4442,
4363,4443,
4366,4444,
4367,4449,
4380,4450,
4381,4451,
4382,4452,
4385,4453,
4390,4454,
4403,4457,
4404,4458,
4406,4469,
4407,4471,
4420,4472,
4421,4473,
4422,4477,
4424,4480,
4425,4481,
4427,4482,
4433,4483,
4434,4484,
4436,4489,
4437,4491,
4438,4493,
4445,4497,
4446,4501,
4447,4503,
4448,4505,
4455,4507,
4456,4512,
4461,4514,
4464,4515,
4465,4516,
4466,4517,
4467,4518,
4468,4519,
4470,4520,
4474,4523,
4475,4524,
4485,4525,
4486,4526,
4490,4527,
4492,4530,
4502,4532,
4504,4533,
4508,4535,
4509,4539,
4510,4541,
4511,4542,
4528,4546,
4529,4557,
4534,4558,
4536,4559,
4547,4560,
4551,4561,
4552,4562,
4554,4564,
4555,4570,
4563,4571,
4575,4573,
4582,4574,
4588,4576,
4591,4577,
4593,4578,
4594,4579,
4595,4585,
4600,4586,
4601,4587,
4603,4589,
4606,4590,
4608,4592,
4609,4596,
4612,4597,
4613,4598,
4614,4602,
4619,4607,
4620,4611,
4625,4615,
4626,4618,
4629,4621,
4630,4623,
4631,4627,
4632,4634,
4633,4635,
4636,4637,
4639,4643,
4640,4645,
4641,4646,
4644,4647,
4650,4648,
4651,4655,
4654,4656,
4659,4657,
4660,4661,
4665,4662,
4668,4663,
4673,4664,
4674,4666,
4679,4670,
4683,4677,
4690,4678,
4693,4684,
4696,4687,
4697,4688,
4699,4710,
4700,4711,
4702,4716,
4703,4717,
4704,4718,
4705,4725,
4706,4728,
4709,4730,
4712,4731,
4713,4738,
4714,4740,
4715,4741,
4719,4745,
4720,4747,
4721,4748,
4723,4749,
4724,4750,
4726,4754,
4727,4756,
4732,4758,
4736,4761,
4737,4770,
4742,4775,
4743,4778,
4744,4781,
4746,4784,
4757,4785,
4759,4789,
4760,4790,
4762,4791,
4763,4794,
4766,4798,
4767,4799,
4769,4800,
4773,4803,
4774,4804,
4777,4805,
4779,4807,
4780,4808,
4786,4811,
4793,4812,
4796,4815,
4797,4818,
4801,4819,
4806,4826,
4809,4831,
4810,4833,
4814,4837,
4817,4838,
4822,4840,
4824,4842,
4825,4844,
4829,4845,
4830,4854,
4836,4858,
4839,4859,
4841,4864,
4843,4870,
4846,4872,
4847,4873,
4848,4874,
4849,4880,
4851,4882,
4852,4883,
4853,4884,
4855,4886,
4856,4887,
4857,4891,
4863,4892,
4865,4894,
4868,4897,
4869,4898,
4871,4902,
4878,4904,
4879,4912,
4881,4914,
4885,4915,
4888,4918,
4895,4922,
4896,4924,
4899,4926,
4900,4932,
4901,4934,
4903,4935,
4905,4937,
4906,4942,
4907,4943,
4908,4944,
4910,4945,
4911,4947,
4916,4948,
4917,4949,
4919,4952,
4921,4953,
4923,4955,
4931,4956,
4938,4958,
4941,4964,
4950,4965,
4951,4966,
4957,4968,
4960,4969,
4961,4970,
4962,4972,
4967,4973,
4971,4975,
4974,4976,
4977,4978,
4979,4981,
4980,4982,
4990,4983,
4991,4984,
,4985,
,4986,
,4987,
,4988,
,4989,
,4992,
,4993,
,4994,
,4995,
,4996,
,4997,
,4998,
,4999,
,5000,
,5001,
,5002,
,5003,
,5004,
,5005,
,5006,
,5007,
,5008,
,5009,
,5010,
,5011,
,5012,
,5013,
,5014,
,5015,
,5016,
,5017,
,5018,
,5019,
,5020,
,5021,
,5022,
,5023,
